586.803098,-4.846617999999978,"Chicken breast_1","Sparsh Dadhich, Maya Ellgass"
586.773086,-4.838055999999995,"Chicken breast_1","Sparsh Dadhich, Maya Ellgass"
587.093901,-4.817760000000021,"Chicken breast_1","Sparsh Dadhich, Maya Ellgass"
586.682989,-4.812377000000026,"Chicken breast_1","Sparsh Dadhich, Maya Ellgass"
588.51173,-4.020074000000022,"Chicken breast_2","Sparsh Dadhich, Maya Ellgass"
588.254328,-3.9905069999999796,"Chicken breast_2","Sparsh Dadhich, Maya Ellgass"
588.413948,-3.9801049999999805,"Chicken breast_2","Sparsh Dadhich, Maya Ellgass"
588.466691,-3.9541510000000244,"Chicken breast_2","Sparsh Dadhich, Maya Ellgass"
588.83698,-3.9604830000000106,"Chicken breast_3","Sparsh Dadhich, Maya Ellgass"
588.729914,-3.9449319999999943,"Chicken breast_3","Sparsh Dadhich, Maya Ellgass"
588.845801,-3.936047999999971,"Chicken breast_3","Sparsh Dadhich, Maya Ellgass"
588.770286,-3.9290429999999787,"Chicken breast_3","Sparsh Dadhich, Maya Ellgass"
575.692417,-4.396209999999996,"Chicken breast_4","Sparsh Dadhich, Maya Ellgass"
575.24015,-4.388506000000007,"Chicken breast_4","Sparsh Dadhich, Maya Ellgass"
576.423507,-4.3753790000000095,"Chicken breast_4","Sparsh Dadhich, Maya Ellgass"
577.96567,-4.354574000000014,"Chicken breast_4","Sparsh Dadhich, Maya Ellgass"
578.927563,-4.316287999999986,"Chicken breast_5","Sparsh Dadhich, Maya Ellgass"
578.784988,-4.316531999999995,"Chicken breast_5","Sparsh Dadhich, Maya Ellgass"
576.910523,-4.325354000000004,"Chicken breast_5","Sparsh Dadhich, Maya Ellgass"
580.198841,-4.309876999999972,"Chicken breast_5","Sparsh Dadhich, Maya Ellgass"
580.784956,-4.298959000000025,"Chicken breast_5","Sparsh Dadhich, Maya Ellgass"
591.438608,-4.551688000000013,"Chicken breast_6","Sparsh Dadhich, Maya Ellgass"
591.318769,-4.5460729999999785,"Chicken breast_6","Sparsh Dadhich, Maya Ellgass"
591.407662,-4.5430749999999875,"Chicken breast_6","Sparsh Dadhich, Maya Ellgass"
591.347739,-4.540268000000026,"Chicken breast_6","Sparsh Dadhich, Maya Ellgass"
587.623014,-3.819927000000007,"Chicken breast_7","Sparsh Dadhich, Maya Ellgass"
587.88526,-3.810660999999982,"Chicken breast_7","Sparsh Dadhich, Maya Ellgass"
587.793981,-3.7994229999999902,"Chicken breast_7","Sparsh Dadhich, Maya Ellgass"
587.837693,-3.7978780000000256,"Chicken breast_7","Sparsh Dadhich, Maya Ellgass"
589.40008,-4.620391999999981,"Chicken breast_8","Sparsh Dadhich, Maya Ellgass"
589.413621,-4.610315000000014,"Chicken breast_8","Sparsh Dadhich, Maya Ellgass"
589.603878,-4.594276999999977,"Chicken breast_8","Sparsh Dadhich, Maya Ellgass"
589.692282,-4.591294000000005,"Chicken breast_8","Sparsh Dadhich, Maya Ellgass"
588.376976,-4.1452110000000175,"Chicken breast_9","Sparsh Dadhich, Maya Ellgass"
588.348706,-4.151005999999995,"Chicken breast_9","Sparsh Dadhich, Maya Ellgass"
588.408217,-4.153759999999977,"Chicken breast_9","Sparsh Dadhich, Maya Ellgass"
588.467738,-4.156514000000016,"Chicken breast_9","Sparsh Dadhich, Maya Ellgass"
588.135986,-3.7583799999999883,"Chicken breast_10","Sparsh Dadhich, Maya Ellgass"
588.191665,-3.746756000000005,"Chicken breast_10","Sparsh Dadhich, Maya Ellgass"
588.143902,-3.733970999999997,"Chicken breast_10","Sparsh Dadhich, Maya Ellgass"
588.199532,-3.7223450000000184,"Chicken breast_10","Sparsh Dadhich, Maya Ellgass"
588.829104,-3.337122000000022,"Chicken breast 6_1","Sparsh Dadhich, Maya Ellgass"
588.681676,-3.337614999999971,"Chicken breast 6_1","Sparsh Dadhich, Maya Ellgass"
588.769111,-3.334450000000004,"Chicken breast 6_1","Sparsh Dadhich, Maya Ellgass"
588.856571,-3.3312839999999824,"Chicken breast 6_1","Sparsh Dadhich, Maya Ellgass"
588.835192,-3.312679000000003,"Chicken breast 4_1","Sparsh Dadhich, Maya Ellgass"
588.895209,-3.3153500000000236,"Chicken breast 4_1","Sparsh Dadhich, Maya Ellgass"
588.791468,-3.31426399999998,"Chicken breast 4_1","Sparsh Dadhich, Maya Ellgass"
588.791468,-3.31426399999998,"Chicken breast 4_1","Sparsh Dadhich, Maya Ellgass"
590.207202,-3.714068999999995,"Chicken breast 4_2","Sparsh Dadhich, Maya Ellgass"
590.311362,-3.7152280000000246,"Chicken breast 4_2","Sparsh Dadhich, Maya Ellgass"
590.355426,-3.713669999999979,"Chicken breast 4_2","Sparsh Dadhich, Maya Ellgass"
591.303072,-4.116378999999995,"Chicken breast 4_3","Sparsh Dadhich, Maya Ellgass"
591.271466,-4.107790000000023,"Chicken breast 4_3","Sparsh Dadhich, Maya Ellgass"
591.375917,-4.109020999999984,"Chicken breast 4_3","Sparsh Dadhich, Maya Ellgass"
591.284159,-4.097669999999994,"Chicken breast 4_3","Sparsh Dadhich, Maya Ellgass"
589.858343,-3.8473749999999995,"Chicken breast 4_4","Sparsh Dadhich, Maya Ellgass"
589.890199,-3.8559290000000033,"Chicken breast 4_4","Sparsh Dadhich, Maya Ellgass"
589.994218,-3.8571130000000267,"Chicken breast 4_4","Sparsh Dadhich, Maya Ellgass"
589.906124,-3.860206000000005,"Chicken breast 4_4","Sparsh Dadhich, Maya Ellgass"
591.357177,-4.6123569999999745,"Chicken breast 4_5","Sparsh Dadhich, Maya Ellgass"
591.459732,-4.599257000000023,"Chicken breast 4_5","Sparsh Dadhich, Maya Ellgass"
591.307178,-4.570600000000013,"Chicken breast 4_5","Sparsh Dadhich, Maya Ellgass"
591.289796,-4.55187699999999,"Chicken breast 4_5","Sparsh Dadhich, Maya Ellgass"
590.9949,-4.2092420000000175,"Chicken breast 4_6","Sparsh Dadhich, Maya Ellgass"
590.992044,-4.194834000000014,"Chicken breast 4_6","Sparsh Dadhich, Maya Ellgass"
591.124958,-4.190260000000023,"Chicken breast 4_6","Sparsh Dadhich, Maya Ellgass"
590.957676,-4.171838999999977,"Chicken breast 4_6","Sparsh Dadhich, Maya Ellgass"
591.45509,-4.062702000000002,"Chicken breast 4_7","Sparsh Dadhich, Maya Ellgass"
591.379065,-4.055650000000014,"Chicken breast 4_7","Sparsh Dadhich, Maya Ellgass"
591.312336,-4.024063000000012,"Chicken breast 4_7","Sparsh Dadhich, Maya Ellgass"
591.473684,-4.013616000000013,"Chicken breast 4_7","Sparsh Dadhich, Maya Ellgass"
591.505458,-4.02220299999999,"Chicken breast 4_7","Sparsh Dadhich, Maya Ellgass"
589.950854,-3.6989300000000185,"Chicken breast 4_8","Sparsh Dadhich, Maya Ellgass"
589.890807,-3.696214999999995,"Chicken breast 4_8","Sparsh Dadhich, Maya Ellgass"
589.814723,-3.6892290000000116,"Chicken breast 4_8","Sparsh Dadhich, Maya Ellgass"
589.886636,-3.681836999999973,"Chicken breast 4_8","Sparsh Dadhich, Maya Ellgass"
589.417777,-3.5048360000000116,"Chicken breast 4_9","Sparsh Dadhich, Maya Ellgass"
589.505526,-3.5016919999999914,"Chicken breast 4_9","Sparsh Dadhich, Maya Ellgass"
589.533228,-3.4958540000000085,"Chicken breast 4_9","Sparsh Dadhich, Maya Ellgass"
589.549409,-3.5001199999999812,"Chicken breast 4_9","Sparsh Dadhich, Maya Ellgass"
591.952373,-4.02123499999999,"Chicken breast 4_10","Sparsh Dadhich, Maya Ellgass"
591.980854,-4.015398000000005,"Chicken breast 4_10","Sparsh Dadhich, Maya Ellgass"
591.92055,-4.012641999999971,"Chicken breast 4_10","Sparsh Dadhich, Maya Ellgass"
591.974076,-3.9865369999999984,"Chicken breast 4_11","Sparsh Dadhich, Maya Ellgass"
591.990012,-3.990833000000009,"Chicken breast 4_11","Sparsh Dadhich, Maya Ellgass"
592.018464,-3.984993999999972,"Chicken breast 4_11","Sparsh Dadhich, Maya Ellgass"
591.913759,-3.983784000000014,"Chicken breast 4_11","Sparsh Dadhich, Maya Ellgass"
591.829841,-3.7732179999999858,"Chicken breast 4_12","Sparsh Dadhich, Maya Ellgass"
591.902358,-3.765810999999985,"Chicken breast 4_12","Sparsh Dadhich, Maya Ellgass"
591.801629,-3.779065000000003,"Chicken breast 4_12","Sparsh Dadhich, Maya Ellgass"
591.773415,-3.7849110000000223,"Chicken breast 4_12","Sparsh Dadhich, Maya Ellgass"
592.014376,-3.8492729999999824,"Chicken breast 5_1","Sparsh Dadhich, Maya Ellgass"
592.090826,-3.8563060000000178,"Chicken breast 5_1","Sparsh Dadhich, Maya Ellgass"
592.07478,-3.8520129999999995,"Chicken breast 5_1","Sparsh Dadhich, Maya Ellgass"
592.07478,-3.8520129999999995,"Chicken breast 5_1","Sparsh Dadhich, Maya Ellgass"
591.44918,-3.592420000000004,"Chicken breast 5_2","Sparsh Dadhich, Maya Ellgass"
591.465393,-3.596700999999996,"Chicken breast 5_2","Sparsh Dadhich, Maya Ellgass"
591.372563,-3.585427999999979,"Chicken breast 5_2","Sparsh Dadhich, Maya Ellgass"
591.460941,-3.5822860000000105,"Chicken breast 5_2","Sparsh Dadhich, Maya Ellgass"
592.197982,-3.925374999999974,"Chicken breast 5_3","Sparsh Dadhich, Maya Ellgass"
592.201551,-3.93981100000002,"Chicken breast 5_3","Sparsh Dadhich, Maya Ellgass"
592.290377,-3.9367169999999874,"Chicken breast 5_3","Sparsh Dadhich, Maya Ellgass"
592.112751,-3.9429039999999986,"Chicken breast 5_3","Sparsh Dadhich, Maya Ellgass"
590.404958,-3.581037999999978,"Chicken breast 5_4","Sparsh Dadhich, Maya Ellgass"
590.252246,-3.56708500000002,"Chicken breast 5_4","Sparsh Dadhich, Maya Ellgass"
590.284576,-3.5756299999999896,"Chicken breast 5_4","Sparsh Dadhich, Maya Ellgass"
590.416656,-3.570921999999996,"Chicken breast 5_4","Sparsh Dadhich, Maya Ellgass"
590.470244,-3.505944999999997,"Chicken breast 5_5","Sparsh Dadhich, Maya Ellgass"
590.393771,-3.498977000000025,"Chicken breast 5_5","Sparsh Dadhich, Maya Ellgass"
590.449334,-3.4872839999999883,"Chicken breast 5_5","Sparsh Dadhich, Maya Ellgass"
590.521133,-3.4798599999999738,"Chicken breast 5_5","Sparsh Dadhich, Maya Ellgass"
591.650088,-4.210915,"Chicken breast 5_6","Sparsh Dadhich, Maya Ellgass"
591.764672,-4.1876120000000014,"Chicken breast 5_6","Sparsh Dadhich, Maya Ellgass"
591.701571,-4.170414999999991,"Chicken breast 5_6","Sparsh Dadhich, Maya Ellgass"
591.698607,-4.155989999999974,"Chicken breast 5_6","Sparsh Dadhich, Maya Ellgass"
591.114851,-3.5703149999999937,"Chicken breast 6_2","Sparsh Dadhich, Maya Ellgass"
591.098638,-3.5660369999999944,"Chicken breast 6_2","Sparsh Dadhich, Maya Ellgass"
591.098638,-3.5660369999999944,"Chicken breast 6_2","Sparsh Dadhich, Maya Ellgass"
591.066204,-3.5574809999999957,"Chicken breast 6_2","Sparsh Dadhich, Maya Ellgass"
590.912829,-3.4512599999999907,"Chicken breast 6_3","Sparsh Dadhich, Maya Ellgass"
590.880239,-3.442713000000026,"Chicken breast 6_3","Sparsh Dadhich, Maya Ellgass"
590.86394,-3.438440000000014,"Chicken breast 6_3","Sparsh Dadhich, Maya Ellgass"
590.940611,-3.4454059999999913,"Chicken breast 6_3","Sparsh Dadhich, Maya Ellgass"
591.274347,-3.8121509999999716,"Chicken breast 6_4","Sparsh Dadhich, Maya Ellgass"
591.185895,-3.815259000000026,"Chicken breast 6_4","Sparsh Dadhich, Maya Ellgass"
591.423114,-3.811776000000009,"Chicken breast 6_4","Sparsh Dadhich, Maya Ellgass"
591.230118,-3.813705000000027,"Chicken breast 6_4","Sparsh Dadhich, Maya Ellgass"
591.060505,-4.240832000000012,"Chicken breast 6_5","Sparsh Dadhich, Maya Ellgass"
590.864833,-4.228214999999977,"Chicken breast 6_5","Sparsh Dadhich, Maya Ellgass"
591.114946,-4.214786000000004,"Chicken breast 6_5","Sparsh Dadhich, Maya Ellgass"
591.096377,-4.196079999999995,"Chicken breast 6_5","Sparsh Dadhich, Maya Ellgass"
591.187875,-4.207443000000012,"Chicken breast 6_5","Sparsh Dadhich, Maya Ellgass"
592.216714,-3.769327999999973,"Chicken breast 9_1","Sparsh Dadhich, Maya Ellgass"
592.470865,-3.7701149999999757,"Chicken breast 9_1","Sparsh Dadhich, Maya Ellgass"
592.365953,-3.7689419999999814,"Chicken breast 9_1","Sparsh Dadhich, Maya Ellgass"
592.378073,-3.758796000000018,"Chicken breast 9_1","Sparsh Dadhich, Maya Ellgass"
593.198725,-4.11402099999998,"Chicken breast 9_2","Sparsh Dadhich, Maya Ellgass"
593.18282,-4.109712000000002,"Chicken breast 9_2","Sparsh Dadhich, Maya Ellgass"
593.179683,-4.095252000000016,"Chicken breast 9_2","Sparsh Dadhich, Maya Ellgass"
593.119174,-4.092482000000018,"Chicken breast 9_2","Sparsh Dadhich, Maya Ellgass"
591.448746,-3.407736,"Chicken breast 9_3","Sparsh Dadhich, Maya Ellgass"
591.432389,-3.403458999999998,"Chicken breast 9_3","Sparsh Dadhich, Maya Ellgass"
591.492892,-3.4061510000000226,"Chicken breast 9_3","Sparsh Dadhich, Maya Ellgass"
591.537045,-3.4045659999999884,"Chicken breast 9_3","Sparsh Dadhich, Maya Ellgass"
591.397602,-3.618536000000006,"Chicken breast 9_4","Sparsh Dadhich, Maya Ellgass"
591.38141,-3.614255000000014,"Chicken breast 9_4","Sparsh Dadhich, Maya Ellgass"
591.232678,-3.614680000000021,"Chicken breast 9_4","Sparsh Dadhich, Maya Ellgass"
591.276851,-3.6131110000000035,"Chicken breast 9_4","Sparsh Dadhich, Maya Ellgass"
597.095721,-4.390158999999983,"Chicken breast 9_5","Sparsh Dadhich, Maya Ellgass"
597.186273,-4.3871070000000145,"Chicken breast 9_5","Sparsh Dadhich, Maya Ellgass"
597.079824,-4.38581499999998,"Chicken breast 9_5","Sparsh Dadhich, Maya Ellgass"
591.218351,-3.770471999999984,"Chicken breast 9_6","Sparsh Dadhich, Maya Ellgass"
591.282643,-3.734248999999977,"Chicken breast 9_6","Sparsh Dadhich, Maya Ellgass"
591.238435,-3.7358090000000175,"Chicken breast 9_6","Sparsh Dadhich, Maya Ellgass"
590.780455,-3.800428000000011,"Chicken breast 9_6","Sparsh Dadhich, Maya Ellgass"
591.498726,-3.993364999999983,"Chicken breast 9_7","Sparsh Dadhich, Maya Ellgass"
591.238562,-3.963659000000007,"Chicken breast 9_7","Sparsh Dadhich, Maya Ellgass"
591.215594,-3.930544999999995,"Chicken breast 9_7","Sparsh Dadhich, Maya Ellgass"
591.224354,-3.906010999999978,"Chicken breast 9_7","Sparsh Dadhich, Maya Ellgass"
591.068358,-3.8775459999999953,"Chicken breast 9_7","Sparsh Dadhich, Maya Ellgass"
593.258701,-3.8057000000000016,"Chicken breast 9_8","Sparsh Dadhich, Maya Ellgass"
593.101112,-3.7771640000000275,"Chicken breast 9_8","Sparsh Dadhich, Maya Ellgass"
593.080934,-3.7584100000000262,"Chicken breast 9_8","Sparsh Dadhich, Maya Ellgass"
593.060693,-3.7396570000000224,"Chicken breast 9_8","Sparsh Dadhich, Maya Ellgass"
593.117269,-3.7279340000000047,"Chicken breast 9_8","Sparsh Dadhich, Maya Ellgass"
593.68019,-4.272318999999982,"Chicken breast 9_9","Sparsh Dadhich, Maya Ellgass"
593.645833,-4.249214999999992,"Chicken breast 9_9","Sparsh Dadhich, Maya Ellgass"
593.684944,-4.218741000000023,"Chicken breast 9_9","Sparsh Dadhich, Maya Ellgass"
593.682087,-4.204268000000013,"Chicken breast 9_9","Sparsh Dadhich, Maya Ellgass"
591.99773,-3.3149839999999813,"Chicken breast 9_10","Sparsh Dadhich, Maya Ellgass"
591.771643,-3.3085249999999746,"Chicken breast 9_10","Sparsh Dadhich, Maya Ellgass"
591.843524,-3.301062999999999,"Chicken breast 9_10","Sparsh Dadhich, Maya Ellgass"
591.871234,-3.2951929999999834,"Chicken breast 9_10","Sparsh Dadhich, Maya Ellgass"
594.426233,-3.4474969999999985,"Chicken breast 18_1","Sparsh Dadhich, Maya Ellgass"
594.470837,-3.445906999999977,"Chicken breast 18_1","Sparsh Dadhich, Maya Ellgass"
594.409742,-3.4431979999999953,"Chicken breast 18_1","Sparsh Dadhich, Maya Ellgass"
594.137403,-3.438251999999977,"Chicken breast 18_1","Sparsh Dadhich, Maya Ellgass"
593.648849,-3.206598999999983,"Chicken breast 18_2","Sparsh Dadhich, Maya Ellgass"
593.721048,-3.1991009999999847,"Chicken breast 18_2","Sparsh Dadhich, Maya Ellgass"
593.721048,-3.1991009999999847,"Chicken breast 18_2","Sparsh Dadhich, Maya Ellgass"
593.510143,-3.1969520000000102,"Chicken breast 18_2","Sparsh Dadhich, Maya Ellgass"
592.570704,-3.3723340000000235,"Chicken breast 18_3","Sparsh Dadhich, Maya Ellgass"
592.598558,-3.3664600000000178,"Chicken breast 18_3","Sparsh Dadhich, Maya Ellgass"
592.521357,-3.3594850000000065,"Chicken breast 18_3","Sparsh Dadhich, Maya Ellgass"
592.698567,-3.3531189999999924,"Chicken breast 18_3","Sparsh Dadhich, Maya Ellgass"
595.060902,-4.1813980000000015,"Chicken breast 18_4","Sparsh Dadhich, Maya Ellgass"
595.057934,-4.1668920000000185,"Chicken breast 18_4","Sparsh Dadhich, Maya Ellgass"
594.997077,-4.164106000000004,"Chicken breast 18_4","Sparsh Dadhich, Maya Ellgass"
594.463222,-3.763508999999999,"Chicken breast 18_5","Sparsh Dadhich, Maya Ellgass"
594.402285,-3.760766999999987,"Chicken breast 18_5","Sparsh Dadhich, Maya Ellgass"
594.381962,-3.7419719999999757,"Chicken breast 18_5","Sparsh Dadhich, Maya Ellgass"
594.377848,-3.7274850000000015,"Chicken breast 18_5","Sparsh Dadhich, Maya Ellgass"
591.572466,-3.33517599999999,"Chicken breast 27_1","Sparsh Dadhich, Maya Ellgass"
591.539624,-3.326625999999976,"Chicken breast 27_1","Sparsh Dadhich, Maya Ellgass"
591.567333,-3.320760000000007,"Chicken breast 27_1","Sparsh Dadhich, Maya Ellgass"
591.550903,-3.3164859999999976,"Chicken breast 27_1","Sparsh Dadhich, Maya Ellgass"
593.306204,-3.511784999999975,"Chicken breast 27_2","Sparsh Dadhich, Maya Ellgass"
593.390408,-3.494160000000022,"Chicken breast 27_2","Sparsh Dadhich, Maya Ellgass"
593.35761,-3.485574999999983,"Chicken breast 27_2","Sparsh Dadhich, Maya Ellgass"
593.341208,-3.4812820000000215,"Chicken breast 27_2","Sparsh Dadhich, Maya Ellgass"
592.871197,-3.5564880000000016,"Chicken breast 27_3","Sparsh Dadhich, Maya Ellgass"
592.761519,-3.5409050000000093,"Chicken breast 27_3","Sparsh Dadhich, Maya Ellgass"
592.756902,-3.526457999999991,"Chicken breast 27_3","Sparsh Dadhich, Maya Ellgass"
592.740565,-3.5221690000000194,"Chicken breast 27_3","Sparsh Dadhich, Maya Ellgass"
594.922709,-3.9669190000000185,"Chicken breast 27_4","Sparsh Dadhich, Maya Ellgass"
594.963999,-3.950864000000024,"Chicken breast 27_4","Sparsh Dadhich, Maya Ellgass"
594.992696,-3.9449940000000083,"Chicken breast 27_4","Sparsh Dadhich, Maya Ellgass"
595.021389,-3.9391239999999925,"Chicken breast 27_4","Sparsh Dadhich, Maya Ellgass"
595.666158,-4.443184999999971,"Chicken breast 27_5","Sparsh Dadhich, Maya Ellgass"
595.616493,-4.415660000000003,"Chicken breast 27_5","Sparsh Dadhich, Maya Ellgass"
595.73107,-4.377717000000018,"Chicken breast 27_5","Sparsh Dadhich, Maya Ellgass"
593.753276,-3.5495429999999715,"Chicken breast 50_1","Sparsh Dadhich, Maya Ellgass"
593.797808,-3.5479629999999815,"Chicken breast 50_1","Sparsh Dadhich, Maya Ellgass"
593.825965,-3.542084999999986,"Chicken breast 50_1","Sparsh Dadhich, Maya Ellgass"
593.915053,-3.538923000000011,"Chicken breast 50_1","Sparsh Dadhich, Maya Ellgass"
593.665945,-3.4209050000000047,"Chicken breast 50_2","Sparsh Dadhich, Maya Ellgass"
593.79941,-3.416134999999997,"Chicken breast 50_2","Sparsh Dadhich, Maya Ellgass"
593.677479,-3.4107290000000035,"Chicken breast 50_2","Sparsh Dadhich, Maya Ellgass"
593.539116,-3.4010339999999815,"Chicken breast 50_2","Sparsh Dadhich, Maya Ellgass"
593.656018,-3.391970000000015,"Chicken breast 50_2","Sparsh Dadhich, Maya Ellgass"
591.248983,-3.885762999999997,"Chicken breast 50_3","Sparsh Dadhich, Maya Ellgass"
590.735596,-3.85529600000001,"Chicken breast 50_3","Sparsh Dadhich, Maya Ellgass"
590.034513,-3.841183000000001,"Chicken breast 50_3","Sparsh Dadhich, Maya Ellgass"
589.586731,-3.827912000000026,"Chicken breast 50_3","Sparsh Dadhich, Maya Ellgass"
589.75594,-1.2069839999999772,"Chicken breast 50_4","Sparsh Dadhich, Maya Ellgass"
589.523291,-0.8467969999999809,"Chicken breast 50_4","Sparsh Dadhich, Maya Ellgass"
589.543312,-0.8163660000000164,"Chicken breast 50_4","Sparsh Dadhich, Maya Ellgass"
594.041535,-3.466089000000011,"Chicken breast 50_5","Sparsh Dadhich, Maya Ellgass"
595.863153,-3.371778000000006,"Chicken breast 50_5","Sparsh Dadhich, Maya Ellgass"
599.193615,-3.3317420000000197,"Chicken breast 50_5","Sparsh Dadhich, Maya Ellgass"
599.284198,-3.328520000000026,"Chicken breast 50_5","Sparsh Dadhich, Maya Ellgass"
594.438339,-3.530118000000016,"Chicken breast 50_6","Sparsh Dadhich, Maya Ellgass"
594.487607,-3.543023000000005,"Chicken breast 50_6","Sparsh Dadhich, Maya Ellgass"
594.471187,-3.5387210000000096,"Chicken breast 50_6","Sparsh Dadhich, Maya Ellgass"
594.560466,-3.535554999999988,"Chicken breast 50_6","Sparsh Dadhich, Maya Ellgass"
601.13744,-3.9192370000000096,"Chicken breast 50_7","Sparsh Dadhich, Maya Ellgass"
601.104458,-3.910515999999973,"Chicken breast 50_7","Sparsh Dadhich, Maya Ellgass"
601.133706,-3.904584,"Chicken breast 50_7","Sparsh Dadhich, Maya Ellgass"
601.093071,-3.866558999999995,"Chicken breast 50_7","Sparsh Dadhich, Maya Ellgass"
599.715711,-3.095901000000026,"Chicken breast 60_1","Sparsh Dadhich, Maya Ellgass"
599.67042,-3.0975310000000036,"Chicken breast 60_1","Sparsh Dadhich, Maya Ellgass"
599.868695,-3.0953369999999722,"Chicken breast 60_1","Sparsh Dadhich, Maya Ellgass"
599.65336,-3.0932040000000143,"Chicken breast 60_1","Sparsh Dadhich, Maya Ellgass"
595.124176,-3.6035640000000058,"Chicken breast 60_2","Sparsh Dadhich, Maya Ellgass"
594.962723,-3.6678830000000175,"Chicken breast 60_2","Sparsh Dadhich, Maya Ellgass"
594.970419,-3.6431890000000067,"Chicken breast 60_2","Sparsh Dadhich, Maya Ellgass"
594.815495,-3.6291120000000205,"Chicken breast 60_2","Sparsh Dadhich, Maya Ellgass"
595.385711,-3.2222530000000233,"Chicken breast 60_3","Sparsh Dadhich, Maya Ellgass"
594.783293,-3.22435999999999,"Chicken breast 60_3","Sparsh Dadhich, Maya Ellgass"
595.542183,-3.1577689999999734,"Chicken breast 60_3","Sparsh Dadhich, Maya Ellgass"
595.614777,-3.150240999999994,"Chicken breast 60_3","Sparsh Dadhich, Maya Ellgass"
593.499049,-3.16802899999999,"Chicken breast 60_4","Sparsh Dadhich, Maya Ellgass"
593.826547,-3.1610539999999787,"Chicken breast 60_4","Sparsh Dadhich, Maya Ellgass"
593.837608,-3.1508719999999926,"Chicken breast 60_4","Sparsh Dadhich, Maya Ellgass"
593.787535,-3.138013000000001,"Chicken breast 60_4","Sparsh Dadhich, Maya Ellgass"
598.605345,-3.4855590000000234,"Chicken breast 60_5","Sparsh Dadhich, Maya Ellgass"
598.578879,-3.452052999999978,"Chicken breast 60_5","Sparsh Dadhich, Maya Ellgass"
598.602426,-3.4315349999999967,"Chicken breast 60_5","Sparsh Dadhich, Maya Ellgass"
598.630914,-3.425604000000021,"Chicken breast 60_5","Sparsh Dadhich, Maya Ellgass"
