631.225898,-7.110073999999997,"ChickenG1",1,"Sparsh Dadhich, Maya Ellgass"
627.397582,-6.79459300000002,"ChickenG1",1,"Sparsh Dadhich, Maya Ellgass"
625.170753,-6.493524999999977,"ChickenG1",1,"Sparsh Dadhich, Maya Ellgass"
626.074696,-6.679985999999985,"ChickenG1",1,"Sparsh Dadhich, Maya Ellgass"
624.315327,-6.598467000000028,"ChickenG1",1,"Sparsh Dadhich, Maya Ellgass"
623.532894,-6.545144999999991,"ChickenG1",1,"Sparsh Dadhich, Maya Ellgass"
622.997744,-6.500021000000004,"ChickenG1",1,"Sparsh Dadhich, Maya Ellgass"
622.970185,-6.475661000000002,"ChickenG1",1,"Sparsh Dadhich, Maya Ellgass"
623.088805,-6.462210000000027,"ChickenG1",1,"Sparsh Dadhich, Maya Ellgass"
627.897863,-6.8616309999999885,"ChickenG2",1,"Sparsh Dadhich, Maya Ellgass"
628.485624,-6.804844000000003,"ChickenG2",1,"Sparsh Dadhich, Maya Ellgass"
628.646501,-6.886488999999983,"ChickenG2",1,"Sparsh Dadhich, Maya Ellgass"
629.31493,-6.903521000000012,"ChickenG2",1,"Sparsh Dadhich, Maya Ellgass"
629.494122,-6.9239370000000235,"ChickenG2",1,"Sparsh Dadhich, Maya Ellgass"
222659.512064,-285.122352,"ChickenG3",1,"Sparsh Dadhich, Maya Ellgass"
206993.824953,-280.862998,"ChickenG3",1,"Sparsh Dadhich, Maya Ellgass"
218861.410999,-280.111005,"ChickenG3",1,"Sparsh Dadhich, Maya Ellgass"
217265.574147,-278.482881,"ChickenG3",1,"Sparsh Dadhich, Maya Ellgass"
199045.54492,-273.361565,"ChickenG3",1,"Sparsh Dadhich, Maya Ellgass"
623.466168,-4.90936099999999,"ChickenG4",1,"Sparsh Dadhich, Maya Ellgass"
623.731814,-4.921358999999995,"ChickenG4",1,"Sparsh Dadhich, Maya Ellgass"
623.932235,-4.945575000000019,"ChickenG4",1,"Sparsh Dadhich, Maya Ellgass"
624.229913,-4.9362729999999715,"ChickenG4",1,"Sparsh Dadhich, Maya Ellgass"
624.496149,-4.948297000000025,"ChickenG4",1,"Sparsh Dadhich, Maya Ellgass"
624.612435,-4.949753999999984,"ChickenG4",1,"Sparsh Dadhich, Maya Ellgass"
616.812935,-5.017327000000023,"ChickenG5",1,"Sparsh Dadhich, Maya Ellgass"
617.60777,-5.0274989999999775,"ChickenG5",1,"Sparsh Dadhich, Maya Ellgass"
618.143769,-5.025752000000011,"ChickenG5",1,"Sparsh Dadhich, Maya Ellgass"
618.712121,-5.002871000000027,"ChickenG5",1,"Sparsh Dadhich, Maya Ellgass"
619.349428,-5.028232000000003,"ChickenG5",1,"Sparsh Dadhich, Maya Ellgass"
619.382537,-5.037277000000017,"ChickenG5",1,"Sparsh Dadhich, Maya Ellgass"
633.289389,-5.49296099999998,"ChickenG6",1,"Sparsh Dadhich, Maya Ellgass"
634.553393,-5.527375000000006,"ChickenG6",1,"Sparsh Dadhich, Maya Ellgass"
635.500542,-5.427001000000018,"ChickenG6",1,"Sparsh Dadhich, Maya Ellgass"
635.741816,-5.399149000000023,"ChickenG6",1,"Sparsh Dadhich, Maya Ellgass"
637.08626,-5.390032000000019,"ChickenG6",1,"Sparsh Dadhich, Maya Ellgass"
638.105572,-5.447733000000028,"ChickenG6",1,"Sparsh Dadhich, Maya Ellgass"
639.282858,-5.532164000000023,"ChickenG6",1,"Sparsh Dadhich, Maya Ellgass"
640.446847,-5.596601000000021,"ChickenG6",1,"Sparsh Dadhich, Maya Ellgass"
640.31352,-5.7510919999999714,"ChickenG6",1,"Sparsh Dadhich, Maya Ellgass"
638.351711,-6.138824,"ChickenG6",1,"Sparsh Dadhich, Maya Ellgass"
639.479373,-6.148097000000007,"ChickenG6",1,"Sparsh Dadhich, Maya Ellgass"
638.129397,-6.222555,"ChickenG6",1,"Sparsh Dadhich, Maya Ellgass"
637.182032,-6.197884999999985,"ChickenG6",1,"Sparsh Dadhich, Maya Ellgass"
619.232139,-4.0816070000000195,"ChickenG7",1,"Sparsh Dadhich, Maya Ellgass"
620.118437,-4.098005000000001,"ChickenG7",1,"Sparsh Dadhich, Maya Ellgass"
620.78697,-4.157258000000013,"ChickenG7",1,"Sparsh Dadhich, Maya Ellgass"
620.930495,-4.066143000000011,"ChickenG7",1,"Sparsh Dadhich, Maya Ellgass"
621.323611,-4.210810999999978,"ChickenG7",1,"Sparsh Dadhich, Maya Ellgass"
621.687019,-4.219268,"ChickenG7",1,"Sparsh Dadhich, Maya Ellgass"
612.384602,-4.587879999999984,"ChickenG8",1,"Sparsh Dadhich, Maya Ellgass"
613.05669,-4.596064000000013,"ChickenG8",1,"Sparsh Dadhich, Maya Ellgass"
613.85926,-4.610105999999973,"ChickenG8",1,"Sparsh Dadhich, Maya Ellgass"
614.519822,-4.628837999999973,"ChickenG8",1,"Sparsh Dadhich, Maya Ellgass"
615.196545,-4.637094999999988,"ChickenG8",1,"Sparsh Dadhich, Maya Ellgass"
621.156492,-3.686975000000018,"ChickenG9",1,"Sparsh Dadhich, Maya Ellgass"
621.071846,-3.8477570000000014,"ChickenG9",1,"Sparsh Dadhich, Maya Ellgass"
621.230797,-4.086752999999987,"ChickenG9",1,"Sparsh Dadhich, Maya Ellgass"
621.851492,-4.218980999999985,"ChickenG9",1,"Sparsh Dadhich, Maya Ellgass"
622.493513,-4.299828999999988,"ChickenG9",1,"Sparsh Dadhich, Maya Ellgass"
623.23687,-4.392851000000007,"ChickenG9",1,"Sparsh Dadhich, Maya Ellgass"
623.335658,-4.491498999999976,"ChickenG9",1,"Sparsh Dadhich, Maya Ellgass"
624.101203,-4.517893000000015,"ChickenG9",1,"Sparsh Dadhich, Maya Ellgass"
624.623974,-4.465453000000025,"ChickenG9",1,"Sparsh Dadhich, Maya Ellgass"
624.754186,-4.558200999999997,"ChickenG9",1,"Sparsh Dadhich, Maya Ellgass"
625.440692,-4.592456000000027,"ChickenG9",1,"Sparsh Dadhich, Maya Ellgass"
615.274901,-4.760021999999992,"ChickenG10",1,"Sparsh Dadhich, Maya Ellgass"
616.452865,-4.757478999999989,"ChickenG10",1,"Sparsh Dadhich, Maya Ellgass"
617.213923,-4.758310999999992,"ChickenG10",1,"Sparsh Dadhich, Maya Ellgass"
617.377581,-4.773218999999983,"ChickenG10",1,"Sparsh Dadhich, Maya Ellgass"
618.057344,-4.75153899999998,"ChickenG10",1,"Sparsh Dadhich, Maya Ellgass"
610.45214,-4.031939000000023,"ChickenG11",1,"Sparsh Dadhich, Maya Ellgass"
610.874305,-4.072770999999989,"ChickenG11",1,"Sparsh Dadhich, Maya Ellgass"
611.30697,-4.088297000000011,"ChickenG11",1,"Sparsh Dadhich, Maya Ellgass"
611.536945,-4.120648000000017,"ChickenG11",1,"Sparsh Dadhich, Maya Ellgass"
611.651924,-4.136833000000024,"ChickenG11",1,"Sparsh Dadhich, Maya Ellgass"
611.522253,-4.201202000000023,"ChickenG11",1,"Sparsh Dadhich, Maya Ellgass"
616.931879,-3.7987810000000195,"ChickenG12",1,"Sparsh Dadhich, Maya Ellgass"
616.315499,-3.976140999999984,"ChickenG12",1,"Sparsh Dadhich, Maya Ellgass"
616.124027,-4.0531819999999925,"ChickenG12",1,"Sparsh Dadhich, Maya Ellgass"
616.429963,-4.118701999999985,"ChickenG12",1,"Sparsh Dadhich, Maya Ellgass"
616.338864,-4.222580999999991,"ChickenG12",1,"Sparsh Dadhich, Maya Ellgass"
616.384764,-4.291638999999975,"ChickenG12",1,"Sparsh Dadhich, Maya Ellgass"
616.49498,-4.363613999999984,"ChickenG12",1,"Sparsh Dadhich, Maya Ellgass"
616.949139,-4.368939000000012,"ChickenG12",1,"Sparsh Dadhich, Maya Ellgass"
607.920657,-3.7184540000000084,"ChickenG13",1,"Sparsh Dadhich, Maya Ellgass"
607.895267,-3.7392770000000155,"ChickenG13",1,"Sparsh Dadhich, Maya Ellgass"
607.622952,-3.8333390000000236,"ChickenG13",1,"Sparsh Dadhich, Maya Ellgass"
607.323099,-3.948110999999983,"ChickenG13",1,"Sparsh Dadhich, Maya Ellgass"
606.03563,-3.817965000000015,"ChickenG13",1,"Sparsh Dadhich, Maya Ellgass"
611.580844,-4.034063000000003,"ChickenG14",1,"Sparsh Dadhich, Maya Ellgass"
612.207982,-4.058140999999978,"ChickenG14",1,"Sparsh Dadhich, Maya Ellgass"
612.900895,-4.085129999999992,"ChickenG14",1,"Sparsh Dadhich, Maya Ellgass"
613.322738,-4.111212000000023,"ChickenG14",1,"Sparsh Dadhich, Maya Ellgass"
613.847594,-4.093726000000004,"ChickenG14",1,"Sparsh Dadhich, Maya Ellgass"
608.809157,-3.8527409999999804,"ChickenG15",1,"Sparsh Dadhich, Maya Ellgass"
609.180527,-3.825113999999985,"ChickenG15",1,"Sparsh Dadhich, Maya Ellgass"
609.63743,-3.819545000000005,"ChickenG15",1,"Sparsh Dadhich, Maya Ellgass"
610.163263,-3.8316580000000044,"ChickenG15",1,"Sparsh Dadhich, Maya Ellgass"
610.76728,-3.836159000000009,"ChickenG15",1,"Sparsh Dadhich, Maya Ellgass"
614.317572,-3.9774469999999837,"ChickenG16",1,"Sparsh Dadhich, Maya Ellgass"
614.487836,-3.9516049999999723,"ChickenG16",1,"Sparsh Dadhich, Maya Ellgass"
613.574862,-4.092767999999978,"ChickenG16",1,"Sparsh Dadhich, Maya Ellgass"
612.744255,-4.030153999999982,"ChickenG16",1,"Sparsh Dadhich, Maya Ellgass"
612.611497,-4.009515000000022,"ChickenG16",1,"Sparsh Dadhich, Maya Ellgass"
612.957837,-3.987856000000022,"ChickenG16",1,"Sparsh Dadhich, Maya Ellgass"
607.402846,-3.7760979999999904,"ChickenG17",1,"Sparsh Dadhich, Maya Ellgass"
607.886408,-3.81935900000002,"ChickenG17",1,"Sparsh Dadhich, Maya Ellgass"
608.149265,-3.860246000000018,"ChickenG17",1,"Sparsh Dadhich, Maya Ellgass"
608.689381,-3.8767780000000016,"ChickenG17",1,"Sparsh Dadhich, Maya Ellgass"
609.294344,-3.8961630000000014,"ChickenG17",1,"Sparsh Dadhich, Maya Ellgass"
609.725279,-3.9115249999999833,"ChickenG17",1,"Sparsh Dadhich, Maya Ellgass"
609.570993,-3.9267429999999877,"ChickenG17",1,"Sparsh Dadhich, Maya Ellgass"
616.044836,-3.8084559999999783,"ChickenG18",1,"Sparsh Dadhich, Maya Ellgass"
616.874709,-3.8260010000000193,"ChickenG18",1,"Sparsh Dadhich, Maya Ellgass"
617.527034,-3.8394989999999893,"ChickenG18",1,"Sparsh Dadhich, Maya Ellgass"
618.352507,-3.8269859999999767,"ChickenG18",1,"Sparsh Dadhich, Maya Ellgass"
607.441054,-3.7448909999999955,"ChickenG19",1,"Sparsh Dadhich, Maya Ellgass"
607.245953,-3.7764930000000163,"ChickenG19",1,"Sparsh Dadhich, Maya Ellgass"
607.593151,-3.839337999999998,"ChickenG19",1,"Sparsh Dadhich, Maya Ellgass"
607.537498,-3.8661430000000223,"ChickenG19",1,"Sparsh Dadhich, Maya Ellgass"
607.608877,-3.8985739999999964,"ChickenG19",1,"Sparsh Dadhich, Maya Ellgass"
608.710134,-4.090489999999988,"ChickenG20",1,"Sparsh Dadhich, Maya Ellgass"
609.327846,-4.099659999999972,"ChickenG20",1,"Sparsh Dadhich, Maya Ellgass"
609.812174,-4.073422999999991,"ChickenG20",1,"Sparsh Dadhich, Maya Ellgass"
610.583878,-4.052509999999984,"ChickenG20",1,"Sparsh Dadhich, Maya Ellgass"
610.914682,-4.041404,"ChickenG20",1,"Sparsh Dadhich, Maya Ellgass"
614.046412,-3.92112800000001,"ChickenG21",1,"Sparsh Dadhich, Maya Ellgass"
614.874344,-3.953753000000006,"ChickenG21",1,"Sparsh Dadhich, Maya Ellgass"
615.226854,-3.9469780000000014,"ChickenG21",1,"Sparsh Dadhich, Maya Ellgass"
615.357215,-3.952694000000008,"ChickenG21",1,"Sparsh Dadhich, Maya Ellgass"
616.025243,-3.915171999999984,"ChickenG21",1,"Sparsh Dadhich, Maya Ellgass"
606.941197,-3.5478049999999826,"ChickenG22",1,"Sparsh Dadhich, Maya Ellgass"
607.48765,-3.5388149999999996,"ChickenG22",1,"Sparsh Dadhich, Maya Ellgass"
608.231565,-3.552974000000006,"ChickenG22",1,"Sparsh Dadhich, Maya Ellgass"
608.571138,-3.5312149999999747,"ChickenG22",1,"Sparsh Dadhich, Maya Ellgass"
608.839525,-3.5319180000000188,"ChickenG22",1,"Sparsh Dadhich, Maya Ellgass"
605.618524,-2.98576700000001,"ChickenG23",1,"Sparsh Dadhich, Maya Ellgass"
605.863946,-3.0868280000000254,"ChickenG23",1,"Sparsh Dadhich, Maya Ellgass"
606.107576,-3.1480450000000246,"ChickenG23",1,"Sparsh Dadhich, Maya Ellgass"
606.588168,-3.215890999999999,"ChickenG23",1,"Sparsh Dadhich, Maya Ellgass"
607.150456,-3.2509860000000117,"ChickenG23",1,"Sparsh Dadhich, Maya Ellgass"
607.428784,-3.2811639999999898,"ChickenG23",1,"Sparsh Dadhich, Maya Ellgass"
607.764824,-3.474264000000005,"ChickenG24",1,"Sparsh Dadhich, Maya Ellgass"
608.384119,-3.537694999999985,"ChickenG24",1,"Sparsh Dadhich, Maya Ellgass"
608.460316,-3.679947000000027,"ChickenG24",1,"Sparsh Dadhich, Maya Ellgass"
608.87789,-3.815452999999991,"ChickenG24",1,"Sparsh Dadhich, Maya Ellgass"
609.187291,-3.9097810000000095,"ChickenG24",1,"Sparsh Dadhich, Maya Ellgass"
609.307202,-4.010549000000026,"ChickenG24",1,"Sparsh Dadhich, Maya Ellgass"
612.818315,-3.6055410000000165,"ChickenG25",1,"Sparsh Dadhich, Maya Ellgass"
613.321086,-3.6789440000000013,"ChickenG25",1,"Sparsh Dadhich, Maya Ellgass"
613.827833,-3.712036000000012,"ChickenG25",1,"Sparsh Dadhich, Maya Ellgass"
613.936314,-3.7536799999999744,"ChickenG25",1,"Sparsh Dadhich, Maya Ellgass"
614.299718,-3.8471490000000017,"ChickenG25",1,"Sparsh Dadhich, Maya Ellgass"
