578.857255,-4.10159299999998,"Chicken1",1,"Sparsh"
578.760132,-4.114501000000018,"Chicken1",1,"Sparsh"
578.832889,-4.121411000000023,"Chicken1",1,"Sparsh"
578.875373,-4.119911999999999,"Chicken1",1,"Sparsh"
578.832889,-4.121411000000023,"Chicken1",1,"Sparsh"
578.775273,-4.118704999999977,"Chicken1",1,"Sparsh"
585.29654,-3.3885250000000156,"Chicken2",1,"Sparsh"
585.34601,-3.362653000000023,"Chicken2",1,"Sparsh"
585.486843,-3.347898999999984,"Chicken2",1,"Sparsh"
585.541184,-3.3362859999999728,"Chicken2",1,"Sparsh"
585.627705,-3.3331380000000195,"Chicken2",1,"Sparsh"
585.547202,-3.311975000000018,"Chicken2",1,"Sparsh"
592.271892,-3.641723000000013,"Chicken3",1,"Sparsh"
592.284709,-3.68503800000002,"Chicken3",1,"Sparsh"
592.204348,-3.717043999999987,"Chicken3",1,"Sparsh"
592.30532,-3.75723499999998,"Chicken3",1,"Sparsh"
592.297187,-3.7818209999999794,"Chicken3",1,"Sparsh"
592.260649,-3.8122579999999857,"Chicken3",1,"Sparsh"
590.224403,-3.3018260000000055,"Chicken4",1,"Sparsh"
590.257143,-3.3103570000000104,"Chicken4",1,"Sparsh"
590.201978,-3.322065000000009,"Chicken4",1,"Sparsh"
590.294991,-3.3332770000000096,"Chicken4",1,"Sparsh"
590.23977,-3.344984000000011,"Chicken4",1,"Sparsh"
592.116852,-3.5742569999999887,"Chicken5",1,"Sparsh"
591.834919,-3.579412999999988,"Chicken5",1,"Sparsh"
591.6786,-3.604409999999973,"Chicken5",1,"Sparsh"
591.936762,-3.619554999999991,"Chicken5",1,"Sparsh"
591.896838,-3.6355540000000133,"Chicken5",1,"Sparsh"
593.806785,-3.56787300000002,"Chicken6",1,"Sparsh"
593.745874,-3.565154000000007,"Chicken6",1,"Sparsh"
593.336166,-3.5504290000000083,"Chicken6",1,"Sparsh"
593.457844,-3.555860999999993,"Chicken6",1,"Sparsh"
593.46962,-3.545689999999979,"Chicken6",1,"Sparsh"
592.24701,-3.423587999999995,"Chicken7",1,"Sparsh"
592.347058,-3.410261999999989,"Chicken7",1,"Sparsh"
592.258496,-3.4134349999999927,"Chicken7",1,"Sparsh"
592.225692,-3.4048690000000192,"Chicken7",1,"Sparsh"
592.248574,-3.3845640000000117,"Chicken7",1,"Sparsh"
592.160056,-3.387740000000008,"Chicken7",1,"Sparsh"
592.248574,-3.3845640000000117,"Chicken7",1,"Sparsh"
592.187893,-3.381869999999992,"Chicken7",1,"Sparsh"
593.083651,-3.510655999999983,"Chicken8",1,"Sparsh"
593.132749,-3.523531999999989,"Chicken8",1,"Sparsh"
593.19818,-3.5407050000000027,"Chicken8",1,"Sparsh"
593.125632,-3.548156000000006,"Chicken8",1,"Sparsh"
593.247227,-3.5535859999999957,"Chicken8",1,"Sparsh"
593.246597,-3.8068809999999758,"Chicken9",1,"Sparsh"
593.32731,-3.828390000000013,"Chicken9",1,"Sparsh"
593.234351,-3.8170430000000124,"Chicken9",1,"Sparsh"
593.234351,-3.8170430000000124,"Chicken9",1,"Sparsh"
596.055052,-4.084793999999988,"Chicken10",1,"Sparsh"
596.193398,-4.094692000000009,"Chicken10",1,"Sparsh"
596.373688,-4.088506999999993,"Chicken10",1,"Sparsh"
596.296412,-4.081391999999994,"Chicken10",1,"Sparsh"
592.627991,-3.5366149999999834,"Chicken11",1,"Sparsh"
592.574347,-3.509303999999986,"Chicken11",1,"Sparsh"
592.679407,-3.5104319999999802,"Chicken11",1,"Sparsh"
592.469323,-3.5081759999999917,"Chicken11",1,"Sparsh"
591.004692,-3.6914199999999937,"Chicken12",1,"Sparsh"
591.141396,-3.701143000000002,"Chicken12",1,"Sparsh"
590.992749,-3.70154500000001,"Chicken12",1,"Sparsh"
591.121531,-3.7358090000000175,"Chicken12",1,"Sparsh"
592.283778,-3.6315740000000005,"Chicken13",1,"Sparsh"
592.344356,-3.6342930000000138,"Chicken13",1,"Sparsh"
592.328121,-3.630002999999988,"Chicken13",1,"Sparsh"
592.303067,-3.596835999999996,"Chicken13",1,"Sparsh"
592.188334,-3.7662090000000035,"Chicken13",1,"Sparsh"
592.448087,-4.024243000000013,"Chicken14",1,"Sparsh"
592.479955,-4.032846000000006,"Chicken14",1,"Sparsh"
592.584871,-4.034066999999993,"Chicken14",1,"Sparsh"
592.511813,-4.0414499999999975,"Chicken14",1,"Sparsh"
592.410198,-4.054671999999982,"Chicken14",1,"Sparsh"
590.659772,-3.7327099999999973,"Chicken15",1,"Sparsh"
590.736034,-3.7397129999999947,"Chicken15",1,"Sparsh"
590.691898,-3.7412709999999834,"Chicken15",1,"Sparsh"
590.856464,-3.745160999999996,"Chicken15",1,"Sparsh"
591.374717,-3.7899620000000027,"Chicken16",1,"Sparsh"
591.310457,-3.7728159999999775,"Chicken16",1,"Sparsh"
591.415015,-3.7739879999999744,"Chicken16",1,"Sparsh"
591.358656,-3.785675000000026,"Chicken16",1,"Sparsh"
591.431089,-3.778275000000008,"Chicken16",1,"Sparsh"
591.075976,-3.630656999999985,"Chicken17",1,"Sparsh"
591.192305,-3.621672999999987,"Chicken17",1,"Sparsh"
591.326526,-3.7771020000000135,"Chicken17",1,"Sparsh"
591.28229,-3.7786590000000047,"Chicken17",1,"Sparsh"
591.386837,-3.779831999999999,"Chicken17",1,"Sparsh"
590.432979,-3.3039999999999736,"Chicken18",1,"Sparsh"
590.629398,-3.355220999999972,"Chicken18",1,"Sparsh"
590.669311,-3.300317000000007,"Chicken18",1,"Sparsh"
590.684713,-3.3435069999999882,"Chicken18",1,"Sparsh"
590.629398,-3.355220999999972,"Chicken18",1,"Sparsh"
590.280575,-3.173429999999996,"Chicken18",1,"Sparsh"
590.915021,-3.364372000000003,"Chicken19",1,"Sparsh"
590.870963,-3.3659589999999753,"Chicken19",1,"Sparsh"
591.019522,-3.3654710000000136,"Chicken19",1,"Sparsh"
591.008173,-3.37560400000001,"Chicken19",1,"Sparsh"
590.954032,-3.348382000000015,"Chicken19",1,"Sparsh"
592.099617,-3.769327999999973,"Chicken20",1,"Sparsh"
592.079476,-3.750602000000015,"Chicken20",1,"Sparsh"
592.1359,-3.7388970000000086,"Chicken20",1,"Sparsh"
592.095346,-3.701445999999976,"Chicken20",1,"Sparsh"
592.111513,-3.7057360000000017,"Chicken20",1,"Sparsh"
593.592459,-3.9262019999999893,"Chicken21",1,"Sparsh"
593.65316,-3.9289570000000253,"Chicken21",1,"Sparsh"
593.863906,-3.931367000000023,"Chicken21",1,"Sparsh"
593.79067,-3.938779000000011,"Chicken21",1,"Sparsh"
593.729947,-3.93602199999998,"Chicken21",1,"Sparsh"
593.617365,-3.905869999999993,"Chicken21",1,"Sparsh"
589.941396,-3.5158369999999763,"Chicken22",1,"Sparsh"
590.015269,-3.469543999999985,"Chicken22",1,"Sparsh"
589.989458,-3.436512999999991,"Chicken22",1,"Sparsh"
590.119432,-3.4706600000000094,"Chicken22",1,"Sparsh"
589.955086,-3.466852000000017,"Chicken22",1,"Sparsh"
589.955086,-3.466852000000017,"Chicken22",1,"Sparsh"
590.817001,-3.562197000000026,"Chicken23",1,"Sparsh"
591.046587,-3.583151999999984,"Chicken23",1,"Sparsh"
591.080297,-3.6450659999999857,"Chicken23",1,"Sparsh"
591.268845,-3.6286680000000047,"Chicken23",1,"Sparsh"
591.22466,-3.630236000000025,"Chicken23",1,"Sparsh"
1325.512183,-8.16190499999999,"Chicken23",1,"Sparsh"
592.238732,-4.089705999999978,"Chicken24",1,"Sparsh"
592.260831,-4.122889999999984,"Chicken24",1,"Sparsh"
592.397354,-4.132732999999973,"Chicken24",1,"Sparsh"
592.324211,-4.140102000000013,"Chicken24",1,"Sparsh"
887.105482,-7.705206999999973,"ChickenG1",1,"Sparsh"
871.109945,-7.5406770000000165,"ChickenG1",1,"Sparsh"
855.162657,-7.288909999999987,"ChickenG1",1,"Sparsh"
843.60437,-7.239414000000011,"ChickenG1",1,"Sparsh"
839.146533,-7.038755999999978,"ChickenG1",1,"Sparsh"
827.896457,-6.989218999999991,"ChickenG1",1,"Sparsh"
