594.455745,-6.503486000000009,"Chicken"
594.33984,-6.482955000000004,"Chicken"
594.471025,-6.431015000000002,"Chicken"
594.400238,-6.409132999999997,"Chicken"
594.64148,-6.406680999999992,"Chicken"
594.80907,-6.3968360000000075,"Chicken"
594.914193,-6.398481000000004,"Chicken"
594.990945,-6.391366000000005,"Chicken"
594.570169,-6.125213999999971,"Chicken"
594.230423,-6.082715000000007,"Chicken"
594.321014,-6.079934999999978,"Chicken"
600.608867,-6.198018999999988,"Chicken"
600.889122,-6.174987999999985,"Chicken"
600.876763,-6.155917999999986,"Chicken"
600.773936,-6.125001999999995,"Chicken"
600.255739,-6.198957000000007,"Chicken"
600.430797,-6.159677999999985,"Chicken"
600.715115,-6.107340000000022,"Chicken"
600.963502,-6.09008399999999,"Chicken"
601.11934,-6.075626999999997,"Chicken"
601.080995,-6.018404999999973,"Chicken"
601.036579,-6.005158999999992,"Chicken"
597.897733,-5.902335999999991,"Chicken"
598.230044,-5.926013000000012,"Chicken"
598.367655,-5.9217780000000175,"Chicken"
598.854691,-5.931044999999983,"Chicken"
598.793977,-5.928061000000014,"Chicken"
598.240687,-5.823893999999996,"Chicken"
597.520651,-5.700860999999975,"Chicken"
597.340964,-5.662866000000008,"Chicken"
597.160252,-5.639455999999996,"Chicken"
597.343652,-5.6191650000000095,"Chicken"
597.434106,-5.630868000000021,"Chicken"
596.020416,-5.868475999999987,"Chicken"
595.86775,-5.882862999999986,"Chicken"
596.202498,-5.862832000000026,"Chicken"
596.33913,-5.858596999999975,"Chicken"
596.156968,-5.864242999999988,"Chicken"
596.43025,-5.855772999999999,"Chicken"
596.431692,-5.8412289999999985,"Chicken"
596.47582,-5.854360999999983,"Chicken"
596.461113,-5.849983000000009,"Chicken"
596.506687,-5.848569999999995,"Chicken"
596.491974,-5.844193000000018,"Chicken"
598.44792,-6.219611999999984,"Chicken"
598.295543,-6.2193790000000035,"Chicken"
598.295543,-6.2193790000000035,"Chicken"
598.249601,-6.2207670000000235,"Chicken"
598.0659,-6.226319999999987,"Chicken"
598.080385,-6.230719000000022,"Chicken"
597.911247,-6.240664999999979,"Chicken"
598.143243,-6.219145000000026,"Chicken"
597.735069,-6.202484000000027,"Chicken"
36581.743765,8.386998000000006,"Chicken"
594.240168,-5.258127000000002,"Chicken"
594.089907,-5.258137999999974,"Chicken"
594.119751,-5.237851999999975,"Chicken"
594.01389,-5.192955999999981,"Chicken"
593.968867,-5.194412999999997,"Chicken"
593.847969,-5.159677999999985,"Chicken"
593.68279,-5.155374999999992,"Chicken"
593.697906,-5.159714000000008,"Chicken"
593.728131,-5.168394999999975,"Chicken"
593.697906,-5.159714000000008,"Chicken"
593.728131,-5.168394999999975,"Chicken"
593.623423,-5.1814469999999915,"Chicken"
592.503584,-4.918696000000011,"Chicken"
592.414146,-4.921644000000015,"Chicken"
592.563558,-4.9215469999999755,"Chicken"
592.534064,-4.9273469999999975,"Chicken"
592.563558,-4.9215469999999755,"Chicken"
592.563558,-4.9215469999999755,"Chicken"
592.42938,-4.925968000000012,"Chicken"
595.315239,-6.0783309999999915,"Chicken"
595.195412,-6.072367999999983,"Chicken"
595.149982,-6.07376099999999,"Chicken"
595.25532,-6.075349000000017,"Chicken"
595.20988,-6.076742000000024,"Chicken"
595.0736,-6.080918999999994,"Chicken"
595.269789,-6.079723000000001,"Chicken"
595.224346,-6.081116000000009,"Chicken"
596.868607,-5.86636900000002,"Chicken"
596.686114,-5.8720180000000255,"Chicken"
596.655204,-5.877809000000013,"Chicken"
596.700814,-5.876396999999997,"Chicken"
596.669898,-5.882187999999985,"Chicken"
596.624291,-5.883599000000004,"Chicken"
596.638979,-5.887978999999973,"Chicken"
596.562457,-5.895177999999987,"Chicken"
596.699278,-5.89094799999998,"Chicken"
596.622737,-5.898147999999992,"Chicken"
596.728647,-5.899708999999973,"Chicken"
596.713964,-5.895329000000004,"Chicken"
596.743328,-5.9040899999999965,"Chicken"
592.116605,-5.9846299999999815,"Chicken"
592.102215,-5.980281999999988,"Chicken"
592.145378,-5.9933280000000195,"Chicken"
592.100432,-5.9947199999999725,"Chicken"
592.084242,-6.004809000000023,"Chicken"
592.11298,-6.013508000000002,"Chicken"
592.082395,-6.019247000000007,"Chicken"
593.653267,-5.730138000000011,"Chicken"
593.563057,-5.732967999999971,"Chicken"
593.698382,-5.728722000000005,"Chicken"
593.608159,-5.731553000000019,"Chicken"
593.622819,-5.735906,"Chicken"
593.563057,-5.732967999999971,"Chicken"
593.697248,-5.743200000000002,"Chicken"
593.637476,-5.740259999999978,"Chicken"
593.547265,-5.743088999999998,"Chicken"
596.506687,-5.848569999999995,"Chicken"
596.506687,-5.848569999999995,"Chicken"
596.461113,-5.849983000000009,"Chicken"
596.444951,-5.8601509999999735,"Chicken"
596.384687,-5.857185000000015,"Chicken"
596.414079,-5.865940000000023,"Chicken"
596.368515,-5.867350999999985,"Chicken"
596.443459,-5.874694999999974,"Chicken"
596.458146,-5.879073000000005,"Chicken"
596.367005,-5.881893999999988,"Chicken"
598.526357,-5.863555000000019,"Chicken"
598.510057,-5.873757000000012,"Chicken"
598.524846,-5.878150000000005,"Chicken"
598.508519,-5.888351999999998,"Chicken"
598.508519,-5.888351999999998,"Chicken"
598.477403,-5.894159999999999,"Chicken"
598.583974,-5.895725000000027,"Chicken"
591.42232,-4.824203000000011,"Chicken"
591.526674,-4.825560999999993,"Chicken"
591.60052,-4.8182879999999955,"Chicken"
591.526674,-4.825560999999993,"Chicken"
591.631063,-4.826919999999973,"Chicken"
591.541937,-4.82987700000001,"Chicken"
591.482123,-4.827040000000011,"Chicken"
591.572457,-4.838508999999988,"Chicken"
591.601762,-4.832715000000007,"Chicken"
592.048641,-4.677863000000002,"Chicken"
592.017822,-4.66923300000002,"Chicken"
592.002409,-4.664918,"Chicken"
591.913257,-4.667900999999972,"Chicken"
592.04531,-4.648988999999972,"Chicken"
592.000729,-4.650482000000011,"Chicken"
592.856971,-4.568566999999973,"Chicken"
592.876242,-4.601800000000026,"Chicken"
592.89175,-4.606119999999976,"Chicken"
592.907255,-4.610439999999983,"Chicken"
593.012185,-4.611762999999996,"Chicken"
592.967468,-4.61326200000002,"Chicken"
592.938258,-4.619079999999997,"Chicken"
592.893551,-4.620578000000023,"Chicken"
595.436584,-5.814191999999991,"Chicken"
595.285722,-5.814062999999976,"Chicken"
595.376498,-5.8112370000000055,"Chicken"
595.285722,-5.814062999999976,"Chicken"
595.255018,-5.819842999999992,"Chicken"
595.26969,-5.824210999999991,"Chicken"
595.178939,-5.8270350000000235,"Chicken"
590.87262,-5.7742489999999975,"Chicken"
590.664902,-5.771202000000017,"Chicken"
590.902827,-5.768508999999995,"Chicken"
590.917324,-5.7728440000000205,"Chicken"
590.813431,-5.771320000000003,"Chicken"
590.703307,-5.9757999999999925,"Chicken"
590.569158,-5.979967999999985,"Chicken"
590.553077,-5.990031999999985,"Chicken"
590.715859,-5.9945430000000215,"Chicken"
590.67113,-5.995930999999985,"Chicken"
590.67113,-5.995930999999985,"Chicken"
